epoch,train_loss,train_acc,val_loss,val_acc,val_auc,lr
1,0.6799151382446289,0.5955,0.6313850908279419,0.667,0.7246999999999999,5e-05
2,0.6581362144947052,0.6305,0.6194768295288086,0.672,0.748016,4.999865664945505e-05
3,0.6427800507545471,0.6455,0.6823304386138916,0.56,0.776108,4.999462674513372e-05
4,0.5894302263259887,0.7175,0.5172499942779542,0.79,0.864072,4.998791072896043e-05
5,0.5524121358394622,0.7575,0.5036316096782685,0.794,0.874696,4.997850933742203e-05
6,0.5329928483963012,0.78175,0.47858184432983397,0.826,0.895648,4.996642360148706e-05
7,0.5098471410274505,0.7955,0.44646681690216067,0.845,0.9230719999999999,4.9951654846492654e-05
8,0.5024417042732239,0.80325,0.42974252557754516,0.856,0.9286399999999999,4.993420469199922e-05
9,0.4878676309585571,0.816,0.4597300496101379,0.825,0.9226559999999999,4.991407505161286e-05
10,0.48094706058502196,0.81525,0.42455829453468324,0.852,0.93416,4.989126813277546e-05
11,0.4809011800289154,0.81475,0.4385472400188446,0.848,0.927488,4.986578643652269e-05
12,0.47178365516662596,0.82475,0.46799697494506837,0.814,0.922648,4.983763275720971e-05
13,0.4539041528701782,0.83575,0.4074500946998596,0.857,0.942688,4.9806810182204715e-05
14,0.46360190224647524,0.82875,0.43017474269866945,0.854,0.9277759999999999,4.977332209155037e-05
15,0.4541990022659302,0.8355,0.43040936255455015,0.851,0.936628,4.9737172157593216e-05
16,0.4387305483818054,0.84275,0.40310495805740354,0.864,0.9450560000000001,4.969836434458088e-05
17,0.443309389591217,0.84325,0.41493074131011964,0.858,0.939228,4.965690290822737e-05
18,0.43828704023361204,0.84375,0.41990223145484923,0.839,0.9392000000000001,4.961279239524642e-05
19,0.43978435802459714,0.8405,0.390643367767334,0.878,0.950664,4.956603764285288e-05
20,0.42730244612693785,0.8495,0.39432940793037413,0.872,0.951252,4.951664377823219e-05
21,0.4365427150726318,0.84875,0.41623759412765504,0.871,0.9512919999999999,4.946461621797824e-05
22,0.4337149913311005,0.849,0.3965784945487976,0.87,0.9498559999999999,4.940996066749931e-05
23,0.4225815873146057,0.85525,0.38713028383255005,0.87,0.952148,4.935268312039243e-05
24,0.4306715090274811,0.85475,0.39219265031814576,0.862,0.950888,4.929278985778609e-05
25,0.42087279176712034,0.8625,0.40829077672958375,0.848,0.94526,4.923028744765147e-05
26,0.41392058968544004,0.868,0.4140243887901306,0.847,0.9495439999999999,4.9165182744082176e-05
27,0.4137476341724396,0.867,0.39678897285461423,0.876,0.94682,4.909748288654263e-05
28,0.4039250264167786,0.87125,0.3980099561214447,0.88,0.951372,4.902719529908511e-05
29,0.4086539213657379,0.86625,0.3908156604766846,0.876,0.9522959999999999,4.895432768953565e-05
30,0.40938411498069766,0.86675,0.3872500252723694,0.874,0.9564,4.8878888048648786e-05
31,0.4080361921787262,0.86,0.3932480971813202,0.859,0.956016,4.880088464923127e-05
32,0.40989634752273557,0.8605,0.37610288739204406,0.878,0.958024,4.872032604523486e-05
33,0.3960806019306183,0.87225,0.3968022847175598,0.876,0.9548599999999999,4.86372210708183e-05
34,0.3998871204853058,0.87,0.38743019437789916,0.875,0.9543280000000001,4.855157883937853e-05
35,0.3965307846069336,0.876,0.39975683856010436,0.877,0.9540400000000001,4.846340874255135e-05
36,0.3937820801734924,0.8795,0.37411705803871154,0.874,0.9574600000000001,4.837272044918144e-05
37,0.3943244001865387,0.8785,0.3729660806655884,0.89,0.9590400000000001,4.827952390426216e-05
38,0.38364893770217895,0.8845,0.37424627208709715,0.879,0.960256,4.818382932784488e-05
39,0.3852920303344727,0.88475,0.3709514989852905,0.889,0.961192,4.808564721391827e-05
40,0.38005700492858885,0.88575,0.3692901167869568,0.889,0.961596,4.798498832925754e-05
41,0.38384046697616575,0.8775,0.39818467092514037,0.871,0.958496,4.788186371224372e-05
42,0.38028615021705625,0.885,0.37742806887626645,0.88,0.9580839999999999,4.777628467165318e-05
43,0.3795773675441742,0.8855,0.3653566327095032,0.885,0.9625239999999999,4.7668262785417475e-05
44,0.37270799589157105,0.8855,0.3772059226036072,0.88,0.9589080000000001,4.755780989935374e-05
45,0.3777932403087616,0.88825,0.3763645944595337,0.884,0.963284,4.744493812586561e-05
46,0.3691024127006531,0.8965,0.37680414974689486,0.89,0.9592599999999999,4.7329659842615e-05
47,0.35975545418262483,0.8975,0.37749817967414856,0.888,0.956616,4.721198769116475e-05
48,0.37041396021842954,0.8955,0.3691474585533142,0.896,0.9627,4.7091934575592297e-05
49,0.36995234179496767,0.892,0.3895655417442322,0.88,0.955712,4.696951366107465e-05
50,0.36197793102264403,0.89425,0.36537008845806124,0.894,0.9631239999999999,4.684473837244464e-05
51,0.36276169562339783,0.89675,0.36685576105117795,0.882,0.9617800000000001,4.6717622392718744e-05
52,0.3637058883905411,0.894,0.39017984795570376,0.876,0.958724,4.6588179661596617e-05
53,0.35501237082481385,0.90025,0.37199178743362427,0.883,0.960912,4.645642437393241e-05
54,0.35232631397247316,0.903,0.3614735528230667,0.89,0.963984,4.6322370978178164e-05
55,0.35409985518455506,0.90725,0.3685657546520233,0.89,0.960952,4.6186034174799365e-05
56,0.3459108500480652,0.91025,0.36918703019618987,0.891,0.963832,4.604742891466288e-05
57,0.34616560566425325,0.9105,0.3696255929470062,0.885,0.9611200000000001,4.590657039739743e-05
58,0.3473693025112152,0.91075,0.37842354011535645,0.882,0.958728,4.5763474069726755e-05
59,0.3554360194206238,0.907,0.3728037977218628,0.885,0.9611919999999999,4.5618155623775743e-05
60,0.33406062591075897,0.918,0.3849977991580963,0.875,0.9581759999999999,4.547063099534957e-05
61,0.34375164842605593,0.91125,0.3727398660182953,0.892,0.960916,4.5320916362186205e-05
62,0.3359640930891037,0.91375,0.3713613266944885,0.891,0.962496,4.51690281421823e-05
63,0.3337181926965713,0.91975,0.3720813112258911,0.893,0.961364,4.50149829915928e-05
64,0.33273229813575744,0.91875,0.3717306551933289,0.885,0.960956,4.48587978032044e-05
65,0.33870701360702515,0.91625,0.3679867897033691,0.885,0.9620439999999999,4.470048970448307e-05
66,0.3388923337459564,0.92175,0.3648751037120819,0.894,0.964916,4.454007605569578e-05
67,0.3312944390773773,0.9185,0.3687607452869415,0.902,0.962632,4.437757444800683e-05
68,0.32051281893253325,0.92225,0.38502523851394654,0.885,0.961524,4.421300270154873e-05
69,0.32557058477401735,0.924,0.3866737653017044,0.883,0.956396,4.404637886346802e-05
70,0.3262078586816788,0.92475,0.3867160840034485,0.88,0.958676,4.387772120594625e-05
71,0.318342262506485,0.93025,0.38206007170677186,0.887,0.956344,4.370704822419615e-05
72,0.3162041677236557,0.93075,0.3844467706680298,0.891,0.9606919999999999,4.353437863443348e-05
73,0.32277478218078615,0.93,0.3772607080936432,0.887,0.964816,4.3359731371824576e-05
74,0.31986063814163207,0.929,0.3699442653656006,0.902,0.962696,4.3183125588409867e-05
75,0.31915536427497865,0.92725,0.3707320601940155,0.888,0.964008,4.3004580651003675e-05
76,0.31064008808135984,0.9315,0.37453216099739073,0.898,0.96402,4.282411613907041e-05
77,0.318216805100441,0.9315,0.3890474820137024,0.876,0.9522360000000001,4.2641751842577454e-05
78,0.31135685682296754,0.93325,0.386140367269516,0.89,0.958628,4.245750775982496e-05
79,0.3177548916339874,0.93025,0.3740601646900177,0.898,0.960696,4.227140409525287e-05
80,0.30890536975860594,0.936,0.38442011189460756,0.894,0.9584640000000001,4.208346125722518e-05
81,0.31038550090789796,0.935,0.3897875452041626,0.878,0.960044,4.189369985579202e-05
82,0.3016458368301392,0.94075,0.3769419345855713,0.888,0.964012,4.1702140700429465e-05
83,0.3071484214067459,0.93725,0.38011304211616515,0.895,0.963324,4.150880479775758e-05
84,0.2955354573726654,0.9435,0.3799657312631607,0.883,0.960752,4.131371334923678e-05
85,0.3026599236726761,0.94625,0.3774209539890289,0.895,0.9650679999999999,4.1116887748842886e-05
86,0.3035445648431778,0.93975,0.38753991174697877,0.88,0.95976,4.0918349580721e-05
87,0.2938208211660385,0.94575,0.38823637104034425,0.892,0.9571040000000001,4.0718120616818595e-05
88,0.2970587729215622,0.93725,0.4001248745918274,0.889,0.958612,4.0516222814497914e-05
89,0.2885187397003174,0.94775,0.3935468084812164,0.888,0.96006,4.0312678314128177e-05
90,0.2956813073158264,0.9475,0.39632181787490844,0.882,0.9554720000000001,4.010750943665757e-05
91,0.28480211544036865,0.9525,0.38920236778259276,0.89,0.957336,3.990073868116557e-05
92,0.2952768453359604,0.94425,0.393430362701416,0.884,0.956896,3.9692388722395614e-05
93,0.28513043344020844,0.95375,0.41230479574203494,0.884,0.9550799999999999,3.9482482408268564e-05
94,0.28544815826416015,0.94675,0.3998068687915802,0.886,0.958388,3.9271042757377185e-05
95,0.27933683133125303,0.955,0.3964366991519928,0.886,0.96054,3.905809295646191e-05
96,0.28495498836040495,0.95175,0.40328818893432616,0.889,0.9575359999999999,3.884365635786814e-05
97,0.2801902825832367,0.9505,0.39915621030330656,0.893,0.959876,3.86277564769854e-05
98,0.2733911153078079,0.95775,0.41767623090744016,0.882,0.9566920000000001,3.8410416989668584e-05
99,0.27974410784244536,0.95525,0.4162456407546997,0.88,0.9532360000000001,3.819166172964167e-05
100,0.2758272453546524,0.9545,0.4066708245277405,0.885,0.9526119999999999,3.797151468588408e-05
101,0.2691640920639038,0.96,0.41764812016487124,0.878,0.952744,3.774999999999998e-05
102,0.2632493104934692,0.96525,0.4099226231575012,0.887,0.952304,3.752714196357093e-05
103,0.27791004407405856,0.9585,0.41237596702575685,0.885,0.95912,3.7302965015492005e-05
104,0.2749653561115265,0.95775,0.3969422850608826,0.89,0.9555279999999999,3.7077493739291806e-05
105,0.2621970465183258,0.96525,0.42120183086395263,0.882,0.954248,3.68507528604366e-05
106,0.26575539100170137,0.96575,0.420476357460022,0.881,0.9549,3.662276724361888e-05
107,0.2663684055805206,0.966,0.4395988914966583,0.88,0.949152,3.639356189003071e-05
108,0.2746939233541489,0.958,0.4092357983589172,0.891,0.9544759999999999,3.6163161934622015e-05
109,0.263983952999115,0.966,0.4236884248256683,0.88,0.9511879999999999,3.593159264334427e-05
110,0.27414287674427035,0.95675,0.3995610995292664,0.891,0.9571559999999999,3.569887941037982e-05
111,0.2659156017303467,0.963,0.4004141879081726,0.88,0.95764,3.546504775535709e-05
112,0.2652143145799637,0.96175,0.40194457244873044,0.894,0.95692,3.523012332055211e-05
113,0.26653116405010224,0.9605,0.42460412430763245,0.882,0.9541120000000001,3.499413186807651e-05
114,0.2589298738241196,0.97075,0.40796707916259767,0.886,0.9603079999999999,3.475709927705243e-05
115,0.26133293318748474,0.96825,0.413968985080719,0.887,0.9591200000000001,3.45190515407746e-05
116,0.2585789400339127,0.96725,0.39118060398101806,0.894,0.9646440000000001,3.4280014763859837e-05
117,0.2541809774637222,0.97,0.4091136164665222,0.887,0.958784,3.404001515938446e-05
118,0.26160296487808227,0.966,0.4025719532966614,0.887,0.9587279999999999,3.379907904600963e-05
119,0.25907459115982057,0.96875,0.39629354810714723,0.891,0.955256,3.355723284509528e-05
120,0.26913205468654633,0.962,0.4080306251049042,0.892,0.956376,3.331450307780271e-05
121,0.24858692479133607,0.975,0.4121836930513382,0.889,0.9589599999999999,3.3070916362186205e-05
122,0.25783276557922363,0.96925,0.409395227432251,0.886,0.9569840000000001,3.2826499410274115e-05
123,0.257832350730896,0.969,0.4194641625881195,0.882,0.9567760000000001,3.258127902513955e-05
124,0.2563993544578552,0.97075,0.4192259922027588,0.885,0.957012,3.2335282097961115e-05
125,0.26342699909210204,0.96575,0.41668538689613344,0.88,0.9558,3.2088535605074e-05
126,0.24654890406131744,0.973,0.41880384540557863,0.889,0.9551080000000001,3.184106660501176e-05
127,0.25053983569145205,0.97375,0.42342825984954835,0.887,0.954264,3.159290223553893e-05
128,0.25090404677391054,0.973,0.41771360230445864,0.894,0.9517599999999999,3.1344069710675224e-05
129,0.25498353481292724,0.96925,0.42715490782260895,0.88,0.9469,3.1094596317711055e-05
130,0.2509191174507141,0.97375,0.4423650410175323,0.887,0.936248,3.084450941421528e-05
131,0.24717693221569062,0.97525,0.42045817816257475,0.885,0.9457760000000001,3.0593836425035085e-05
132,0.2473772087097168,0.975,0.4338091564178467,0.886,0.9515399999999999,3.0342604839288566e-05
133,0.25084279870986936,0.973,0.4457683448791504,0.88,0.948236,3.009084220735024e-05
134,0.24490736746788025,0.9745,0.44317976546287535,0.883,0.9477,2.9838576137829777e-05
135,0.24919993901252746,0.9745,0.42334668421745303,0.889,0.9504239999999999,2.958583429454449e-05
136,0.24812090146541596,0.975,0.4336290333271027,0.88,0.9510320000000001,2.9332644393485644e-05
137,0.24716281056404113,0.9765,0.42395973205566406,0.894,0.9435359999999999,2.9079034199779074e-05
138,0.2475250322818756,0.9765,0.4293743243217468,0.889,0.950512,2.8825031524640445e-05
139,0.24248007142543793,0.9785,0.42225530087947843,0.892,0.945878,2.857066422232544e-05
140,0.2536707947254181,0.97225,0.42098599481582644,0.893,0.951372,2.831596018707522e-05
141,0.25197269117832183,0.97425,0.437220685005188,0.88,0.933732,2.8060947350057504e-05
142,0.24162928414344786,0.976,0.41886165988445284,0.894,0.950896,2.7805653676303592e-05
143,0.25188894355297087,0.9735,0.4308289361000061,0.888,0.946392,2.7550107161641718e-05
144,0.24902358675003053,0.974,0.43350635302066803,0.889,0.9407059999999999,2.7294335829626965e-05
145,0.24131923365592955,0.9805,0.442443088054657,0.884,0.944628,2.703836772846817e-05
146,0.2375758694410324,0.98,0.429426239490509,0.893,0.9386800000000001,2.6782230927952117e-05
147,0.24539157724380492,0.97875,0.4384064840078354,0.885,0.9479000000000002,2.6525953516365384e-05
148,0.24255235731601715,0.9785,0.4368956446647644,0.886,0.9471240000000001,2.626956359741413e-05
149,0.24653522074222564,0.97675,0.42312663888931273,0.894,0.9502799999999999,2.6013089287142234e-05
150,0.23884320890903474,0.982,0.43604356718063353,0.882,0.94648,2.575655871084801e-05
151,0.245306293964386,0.976,0.41986264514923094,0.889,0.9589840000000001,2.549999999999999e-05
152,0.24096528553962707,0.97725,0.405310254573822,0.897,0.954416,2.524344128915197e-05
153,0.24063253271579743,0.979,0.40459910917282105,0.899,0.9483,2.498691071285775e-05
154,0.23129847311973573,0.98525,0.41601822519302367,0.898,0.946472,2.4730436402585847e-05
155,0.23775914144515992,0.977,0.43513963532447814,0.886,0.9424959999999999,2.44740464836346e-05
156,0.23161840784549714,0.983,0.42473414945602417,0.9,0.9441679999999999,2.4217769072047866e-05
157,0.23935288560390472,0.9775,0.42817829513549804,0.892,0.9434,2.396163227153182e-05
158,0.23961070072650908,0.97925,0.42127671337127687,0.901,0.941032,2.3705664170373017e-05
159,0.2341297060251236,0.98325,0.4296464359760284,0.895,0.94422,2.3449892838358258e-05
160,0.23988693964481353,0.98025,0.436953697681427,0.894,0.9418599999999999,2.3194346323696387e-05
161,0.24435768830776214,0.976,0.4279630551338196,0.894,0.946316,2.2939052649942483e-05
162,0.2365690577030182,0.9805,0.4196298909187317,0.895,0.946324,2.268403981292476e-05
163,0.23741977989673616,0.97975,0.42823746585845945,0.889,0.94898,2.2429335777674533e-05
164,0.2351287919282913,0.98225,0.40509877014160156,0.898,0.9506680000000001,2.217496847535953e-05
165,0.24030853128433227,0.979,0.4226171138286591,0.901,0.9482659999999999,2.192096580022091e-05
166,0.23625961971282958,0.98175,0.43225226807594297,0.888,0.9489320000000001,2.1667355606514336e-05
167,0.22673612678050994,0.986,0.444577109336853,0.881,0.9385960000000001,2.1414165705455476e-05
168,0.22918288469314574,0.9875,0.4238179726600647,0.901,0.9421120000000001,2.11614238621702e-05
169,0.2306508353948593,0.98625,0.4277039384841919,0.897,0.9453039999999999,2.0909157792649734e-05
170,0.23451651573181154,0.9835,0.43480075883865354,0.891,0.946312,2.0657395160711396e-05
171,0.23332991993427277,0.982,0.43459719944000247,0.893,0.945404,2.0406163574964884e-05
172,0.2320617061853409,0.98225,0.440043349981308,0.887,0.9398040000000001,2.0155490585784696e-05
173,0.23267897748947144,0.984,0.43395325207710267,0.892,0.945464,1.9905403682288928e-05
174,0.2267713052034378,0.98775,0.42637300848960874,0.894,0.947824,1.9655930289324762e-05
175,0.23351087033748627,0.98375,0.4290409412384033,0.891,0.9471879999999999,1.940709776446105e-05
176,0.23097935605049133,0.985,0.4281435444355011,0.892,0.9412159999999999,1.9158933394988232e-05
177,0.22445378303527833,0.98725,0.4546211686134338,0.886,0.93884,1.8911464394925986e-05
178,0.23328909420967103,0.98475,0.43790488719940185,0.882,0.9454819999999999,1.8664717902038868e-05
179,0.22978438448905944,0.9855,0.431473290681839,0.89,0.9462039999999999,1.841872097486043e-05
180,0.23259532284736634,0.9815,0.43766380214691164,0.889,0.944724,1.8173500589725867e-05
181,0.2316233856678009,0.984,0.43701481652259827,0.891,0.942084,1.7929083637813777e-05
182,0.23026331567764283,0.987,0.43662178826332093,0.89,0.9452320000000001,1.7685496922197273e-05
183,0.22871083092689515,0.9865,0.4451579203605652,0.892,0.939988,1.7442767154904696e-05
184,0.23139839470386506,0.98325,0.43312974309921265,0.895,0.940764,1.7200920953990347e-05
185,0.22876349627971648,0.9865,0.4507846088409424,0.885,0.9301119999999999,1.6959984840615517e-05
186,0.23359654104709626,0.98375,0.4513004159927368,0.885,0.934908,1.6719985236140136e-05
187,0.23242615175247192,0.985,0.4596819362640381,0.88,0.941464,1.6480948459225385e-05
188,0.22335678505897522,0.989,0.4491649451255798,0.884,0.940952,1.624290072294754e-05
189,0.22467093229293822,0.988,0.44587526893615725,0.887,0.9379119999999999,1.6005868131923465e-05
190,0.23313713562488556,0.983,0.4409439373016357,0.888,0.93982,1.576987667944786e-05
191,0.22451141929626464,0.98875,0.4523102126121521,0.884,0.936194,1.553495224464288e-05
192,0.22413972723484038,0.98725,0.4556209869384766,0.886,0.9356,1.530112058962016e-05
193,0.22651863968372346,0.988,0.44190737581253053,0.893,0.9375779999999999,1.5068407356655705e-05
194,0.22695699501037597,0.98625,0.44737036418914794,0.888,0.9299799999999998,1.4836838065377963e-05
195,0.22919439733028413,0.9845,0.45034533548355105,0.888,0.9289599999999999,1.4606438109969266e-05
196,0.22195321428775788,0.98875,0.45092360496520995,0.889,0.9276280000000001,1.4377232756381089e-05
197,0.2257289333343506,0.98725,0.45766457080841066,0.888,0.927196,1.4149247139563378e-05
198,0.23216098487377168,0.9835,0.4494225606918335,0.887,0.935516,1.3922506260708165e-05
199,0.22522673654556274,0.98875,0.4547395453453064,0.887,0.934792,1.3697034984507957e-05
200,0.22647657108306884,0.98775,0.44556461572647094,0.895,0.9324960000000001,1.3472858036429035e-05
201,0.2211765719652176,0.9895,0.4294131326675415,0.9,0.935604,1.324999999999998e-05
202,0.23014512825012207,0.98375,0.4520881280899048,0.887,0.936372,1.3028485314115888e-05
203,0.225723952293396,0.98675,0.4370191617012024,0.895,0.93774,1.28083382703583e-05
204,0.22866497254371643,0.984,0.43225399827957156,0.894,0.939284,1.2589583010331387e-05
205,0.22304718935489654,0.9885,0.43112830352783205,0.896,0.938584,1.2372243523014575e-05
206,0.2225037977695465,0.99,0.43140956926345825,0.897,0.938344,1.2156343642131832e-05
207,0.22682904660701753,0.98625,0.44821605157852173,0.886,0.93278,1.194190704353806e-05
208,0.22519985592365266,0.9885,0.4334955525398254,0.903,0.9258,1.1728957242622794e-05
209,0.22590763008594514,0.98925,0.43584498167037966,0.899,0.934764,1.1517517591731414e-05
210,0.22133572745323182,0.99225,0.4431870446205139,0.893,0.933496,1.1307611277604354e-05
211,0.2210065371990204,0.99025,0.44070049905776976,0.896,0.935208,1.10992613188344e-05
212,0.22487081825733185,0.9895,0.4423716688156128,0.896,0.932712,1.0892490563342398e-05
213,0.22155968523025513,0.99125,0.4379915101528168,0.895,0.934816,1.0687321685871806e-05
214,0.22180215108394624,0.98975,0.4365718724727631,0.892,0.9360320000000001,1.048377718550207e-05
215,0.22296583259105682,0.9885,0.45777627992630004,0.881,0.9331959999999999,1.0281879383181386e-05
216,0.22336576855182647,0.9895,0.45320441913604737,0.891,0.93315,1.0081650419278975e-05
217,0.22361203277111052,0.9885,0.4509385538101196,0.886,0.93362,9.88311225115709e-06
218,0.2277627272605896,0.98775,0.4530707144737244,0.888,0.93269,9.686286650763203e-06
219,0.22746550142765046,0.98475,0.44820159721374514,0.892,0.9349039999999998,9.491195202242412e-06
220,0.2245708909034729,0.98875,0.4427395610809326,0.891,0.93816,9.297859299570514e-06
221,0.22503166997432708,0.98975,0.44107784152030943,0.896,0.941288,9.106300144207964e-06
222,0.22095116591453554,0.98975,0.43477497243881225,0.892,0.9401480000000001,8.916538742774805e-06
223,0.22442677903175354,0.9885,0.4377546124458313,0.899,0.9339679999999999,8.728595904747117e-06
224,0.2220985929965973,0.99125,0.43883467721939085,0.895,0.9315319999999999,8.542492240175026e-06
225,0.22217825722694398,0.989,0.4417024340629578,0.891,0.9333179999999999,8.358248157422536e-06
226,0.22257632076740264,0.991,0.43583701419830323,0.893,0.933824,8.175883860929579e-06
227,0.22075685358047487,0.99075,0.4348920464515686,0.894,0.93526,7.995419348996316e-06
228,0.22068954980373381,0.99175,0.4338560903072357,0.899,0.936936,7.81687441159012e-06
229,0.21829470193386077,0.99375,0.4381762652397156,0.895,0.9374959999999999,7.640268628175415e-06
230,0.21885113394260405,0.9925,0.44632401371002195,0.89,0.9358,7.46562136556651e-06
231,0.22763476014137268,0.988,0.440189044713974,0.889,0.938944,7.292951775803831e-06
232,0.2164283756017685,0.993,0.45153203058242797,0.884,0.936024,7.122278794053733e-06
233,0.22385505962371827,0.98725,0.44252309584617616,0.887,0.9373599999999999,6.953621136531964e-06
234,0.21944988536834717,0.9925,0.44346913385391235,0.886,0.9373119999999999,6.786997298451258e-06
235,0.21857313072681428,0.99,0.44015224599838254,0.888,0.93684,6.622425551993159e-06
236,0.22291271770000456,0.99,0.4361423602104187,0.893,0.9411839999999999,6.459923944304206e-06
237,0.2193678092956543,0.9915,0.4396406817436218,0.89,0.9406059999999999,6.299510295516921e-06
238,0.22045053124427796,0.99075,0.43608517169952393,0.897,0.9410280000000002,6.141202196795585e-06
239,0.22665480637550353,0.987,0.4458405838012695,0.892,0.9392119999999999,5.985017008407186e-06
240,0.22305930304527283,0.99025,0.4496354088783264,0.882,0.9381320000000001,5.830971857817693e-06
241,0.2249888653755188,0.98875,0.4436613941192627,0.886,0.9420839999999999,5.679083637813785e-06
242,0.22096324741840362,0.99075,0.4481387233734131,0.889,0.9418439999999999,5.5293690046504135e-06
243,0.2206891930103302,0.9905,0.43618496322631833,0.894,0.9402879999999999,5.381844376224246e-06
244,0.22182431054115295,0.991,0.43687076950073245,0.899,0.9394760000000001,5.236525930273228e-06
245,0.22013434112071992,0.9925,0.4443229603767395,0.894,0.93574,5.09342960260256e-06
246,0.21786972749233247,0.994,0.4443488869667053,0.896,0.940124,4.95257108533711e-06
247,0.21814832305908202,0.9925,0.4394314455986023,0.897,0.9370799999999999,4.813965825200627e-06
248,0.2208817753791809,0.9905,0.44635752820968627,0.887,0.9368160000000001,4.677629021821835e-06
249,0.2187044334411621,0.99175,0.4460512204170227,0.889,0.9379439999999999,4.543575626067586e-06
250,0.2173096798658371,0.99175,0.44820676517486574,0.89,0.93726,4.411820338403381e-06
251,0.2169770131111145,0.99375,0.4444870457649231,0.892,0.9381279999999999,4.282377607281255e-06
252,0.21554945826530456,0.99525,0.44752041006088256,0.889,0.9364199999999998,4.1552616275553534e-06
253,0.21757899415493012,0.99175,0.44319109582901,0.895,0.936708,4.030486338925341e-06
254,0.21873175632953643,0.99225,0.4459451508522034,0.887,0.93934,3.908065424407691e-06
255,0.2187883427143097,0.992,0.44569479990005495,0.891,0.9377159999999999,3.788012308835238e-06
256,0.21595597779750825,0.9935,0.4444883909225464,0.888,0.938116,3.6703401573849885e-06
257,0.22093771135807036,0.99,0.4492248568534851,0.885,0.9377880000000001,3.555061874134389e-06
258,0.2159936205148697,0.9935,0.44288245534896853,0.89,0.9344579999999999,3.442190100646259e-06
259,0.22025328850746154,0.99175,0.444720278263092,0.891,0.938856,3.331737214582526e-06
260,0.22035109329223632,0.99075,0.4480448389053345,0.891,0.9373999999999998,3.2237153283468217e-06
261,0.2213186775445938,0.9905,0.4432366404533386,0.893,0.9394759999999999,3.1181362877562826e-06
262,0.21855368614196777,0.991,0.44287838983535766,0.894,0.9400159999999999,3.0150116707424685e-06
263,0.2208816363811493,0.9915,0.4472827520370483,0.891,0.9359719999999999,2.914352786081736e-06
264,0.22123052453994752,0.98975,0.44421036291122434,0.89,0.936882,2.816170672155131e-06
265,0.2217992856502533,0.9905,0.44819021797180175,0.893,0.9361160000000001,2.7204760957378435e-06
266,0.21956027603149414,0.99075,0.4409292016029358,0.895,0.939532,2.6272795508185586e-06
267,0.22037168657779693,0.99025,0.44070140075683595,0.892,0.938472,2.5365912574486606e-06
268,0.2151891609430313,0.99475,0.44008913135528566,0.894,0.9393600000000001,2.4484211606214776e-06
269,0.218247030377388,0.9915,0.438778094291687,0.895,0.9384639999999999,2.3627789291817167e-06
270,0.21695151889324188,0.99175,0.43596866035461423,0.895,0.9387759999999998,2.279673954765155e-06
271,0.2217079758644104,0.9915,0.4387260565757751,0.897,0.938992,2.19911535076874e-06
272,0.21753639435768127,0.992,0.4401969704627991,0.895,0.9391360000000001,2.121111951351219e-06
273,0.215713960647583,0.9935,0.4388551044464111,0.894,0.9395599999999998,2.045672310464354e-06
274,0.21836741995811462,0.99225,0.4380354299545288,0.894,0.9411120000000002,1.972804700914896e-06
275,0.21939120781421662,0.991,0.43376917695999145,0.895,0.9423360000000001,1.9025171134573776e-06
276,0.21690667831897736,0.99375,0.43348692226409913,0.896,0.941592,1.8348172559178273e-06
277,0.21989418375492095,0.99,0.4325111813545227,0.896,0.9418719999999998,1.7697125523485396e-06
278,0.218002734541893,0.99125,0.4336485714912415,0.896,0.94318,1.7072101422139197e-06
279,0.21811826694011688,0.99125,0.4357917504310608,0.897,0.940512,1.6473168796075736e-06
280,0.21753854048252105,0.9925,0.43486967182159425,0.896,0.940608,1.5900393325006913e-06
281,0.21668247151374817,0.9945,0.4365069742202759,0.898,0.941892,1.535383782021764e-06
282,0.21805957162380218,0.99175,0.43510679244995115,0.897,0.942048,1.4833562217678175e-06
283,0.21805274879932404,0.9915,0.43031773281097413,0.899,0.9430839999999999,1.4339623571471295e-06
284,0.2207625445127487,0.99125,0.43203455400466917,0.897,0.943232,1.3872076047535744e-06
285,0.22254011356830597,0.9885,0.4336012487411499,0.898,0.942252,1.3430970917726283e-06
286,0.22213712179660797,0.99175,0.4333180470466614,0.899,0.94269,1.3016356554191278e-06
287,0.21538420605659486,0.99425,0.43216825342178344,0.896,0.94124,1.2628278424067863e-06
288,0.21363786292076112,0.9935,0.4344352869987488,0.897,0.9416840000000001,1.2266779084496321e-06
289,0.21860594522953034,0.9925,0.4339184274673462,0.895,0.9413720000000001,1.193189817795295e-06
290,0.21991959714889525,0.993,0.43776416110992433,0.895,0.9405239999999999,1.1623672427902873e-06
291,0.21878059697151184,0.995,0.4404999613761902,0.896,0.9404520000000001,1.1342135634773046e-06
292,0.21691517388820647,0.99375,0.4359563217163086,0.898,0.93936,1.1087318672245403e-06
293,0.21998779487609862,0.99175,0.4359172487258911,0.897,0.9402840000000001,1.0859249483871431e-06
294,0.2210002793073654,0.99125,0.4359960827827454,0.897,0.9410120000000001,1.0657953080007767e-06
295,0.2156841720342636,0.99275,0.4393205323219299,0.897,0.941064,1.0483451535073469e-06
296,0.21838225531578065,0.992,0.43824296188354495,0.897,0.9390959999999999,1.0335763985129412e-06
297,0.21478965640068054,0.99425,0.4405025715827942,0.896,0.93932,1.0214906625779696e-06
298,0.21966214656829833,0.9905,0.4389721059799194,0.898,0.9397880000000001,1.0120892710395759e-06
299,0.21475504326820374,0.99425,0.4398628034591675,0.896,0.940256,1.0053732548662853e-06
300,0.21975770318508148,0.9915,0.4411830291748047,0.897,0.939668,1.0013433505449524e-06
